method	seed	epoch	loss	hnm_mode
LLA	gowalla_best_gowalla_seed2020	1	0.69	none
LLA	gowalla_best_gowalla_seed2020	2	0.434	none
LLA	gowalla_best_gowalla_seed2020	3	0.29	none
LLA	gowalla_best_gowalla_seed2020	4	0.222	none
LLA	gowalla_best_gowalla_seed2020	5	0.185	none
LLA	gowalla_best_gowalla_seed2020	6	0.161	none
LLA	gowalla_best_gowalla_seed2020	7	0.144	none
LLA	gowalla_best_gowalla_seed2020	8	0.133	none
LLA	gowalla_best_gowalla_seed2020	9	0.124	none
LLA	gowalla_best_gowalla_seed2020	10	0.117	none
LLA	gowalla_best_gowalla_seed2020	11	0.112	none
LLA	gowalla_best_gowalla_seed2020	12	0.107	none
LLA	gowalla_best_gowalla_seed2020	13	0.103	none
LLA	gowalla_best_gowalla_seed2020	14	0.1	none
LLA	gowalla_best_gowalla_seed2020	15	0.097	none
LLA	gowalla_best_gowalla_seed2020	16	0.094	none
LLA	gowalla_best_gowalla_seed2020	17	0.092	none
LLA	gowalla_best_gowalla_seed2020	18	0.09	none
LLA	gowalla_best_gowalla_seed2020	19	0.088	none
LLA	gowalla_best_gowalla_seed2020	20	0.087	none
LLA	gowalla_best_gowalla_seed2020	21	0.086	none
LLA	gowalla_best_gowalla_seed2020	22	0.084	none
LLA	gowalla_best_gowalla_seed2020	23	0.083	none
LLA	gowalla_best_gowalla_seed2020	24	0.082	none
LLA	gowalla_best_gowalla_seed2020	25	0.081	none
LLA	gowalla_best_gowalla_seed2020	26	0.08	none
LLA	gowalla_best_gowalla_seed2020	27	0.079	none
LLA	gowalla_best_gowalla_seed2020	28	0.079	none
LLA	gowalla_best_gowalla_seed2020	29	0.078	none
LLA	gowalla_best_gowalla_seed2020	30	0.077	none
LLA	gowalla_best_gowalla_seed2020	31	0.077	none
LLA	gowalla_best_gowalla_seed2020	32	0.076	none
LLA	gowalla_best_gowalla_seed2020	33	0.076	none
LLA	gowalla_best_gowalla_seed2020	34	0.075	none
LLA	gowalla_best_gowalla_seed2020	35	0.075	none
LLA	gowalla_best_gowalla_seed2020	36	0.074	none
LLA	gowalla_best_gowalla_seed2020	37	0.074	none
LLA	gowalla_best_gowalla_seed2020	38	0.073	none
LLA	gowalla_best_gowalla_seed2020	39	0.073	none
LLA	gowalla_best_gowalla_seed2020	40	0.073	none
LLA	gowalla_best_gowalla_seed2020	41	0.073	none
LLA	gowalla_best_gowalla_seed2020	42	0.072	none
LLA	gowalla_best_gowalla_seed2020	43	0.072	none
LLA	gowalla_best_gowalla_seed2020	44	0.072	none
LLA	gowalla_best_gowalla_seed2020	45	0.071	none
LLA	gowalla_best_gowalla_seed2020	46	0.071	none
LLA	gowalla_best_gowalla_seed2020	47	0.071	none
LLA	gowalla_best_gowalla_seed2020	48	0.071	none
LLA	gowalla_best_gowalla_seed2020	49	0.071	none
LLA	gowalla_best_gowalla_seed2020	50	0.07	none
LLA	gowalla_best_gowalla_seed2020	51	0.07	none
LLA	gowalla_best_gowalla_seed2020	52	0.07	none
LLA	gowalla_best_gowalla_seed2020	53	0.07	none
LLA	gowalla_best_gowalla_seed2020	54	0.07	none
LLA	gowalla_best_gowalla_seed2020	55	0.07	none
LLA	gowalla_best_gowalla_seed2020	56	0.069	none
LLA	gowalla_best_gowalla_seed2020	57	0.069	none
LLA	gowalla_best_gowalla_seed2020	58	0.069	none
LLA	gowalla_best_gowalla_seed2020	59	0.069	none
LLA	gowalla_best_gowalla_seed2020	60	0.069	none
LLA	gowalla_best_gowalla_seed2020	61	0.069	none
LLA	gowalla_best_gowalla_seed2020	62	0.068	none
LLA	gowalla_best_gowalla_seed2020	63	0.068	none
LLA	gowalla_best_gowalla_seed2020	64	0.068	none
LLA	gowalla_best_gowalla_seed2020	65	0.068	none
LLA	gowalla_best_gowalla_seed2020	66	0.068	none
LLA	gowalla_best_gowalla_seed2020	67	0.068	none
LLA	gowalla_best_gowalla_seed2020	68	0.068	none
LLA	gowalla_best_gowalla_seed2020	69	0.068	none
LLA	gowalla_best_gowalla_seed2020	70	0.068	none
LLA	gowalla_best_gowalla_seed2020	71	0.068	none
LLA	gowalla_best_gowalla_seed2020	72	0.067	none
LLA	gowalla_best_gowalla_seed2020	73	0.067	none
LLA	gowalla_best_gowalla_seed2020	74	0.067	none
LLA	gowalla_best_gowalla_seed2020	75	0.067	none
LLA	gowalla_best_gowalla_seed2020	76	0.067	none
LLA	gowalla_best_gowalla_seed2020	77	0.067	none
LLA	gowalla_best_gowalla_seed2020	78	0.067	none
LLA	gowalla_best_gowalla_seed2020	79	0.067	none
LLA	gowalla_best_gowalla_seed2020	80	0.067	none
LLA	gowalla_best_gowalla_seed2020	81	0.067	none
LLA	gowalla_best_gowalla_seed2020	82	0.067	none
LLA	gowalla_best_gowalla_seed2020	83	0.067	none
LLA	gowalla_best_gowalla_seed2020	84	0.067	none
LLA	gowalla_best_gowalla_seed2020	85	0.067	none
LLA	gowalla_best_gowalla_seed2020	86	0.066	none
LLA	gowalla_best_gowalla_seed2020	87	0.066	none
LLA	gowalla_best_gowalla_seed2020	88	0.066	none
LLA	gowalla_best_gowalla_seed2020	89	0.066	none
LLA	gowalla_best_gowalla_seed2020	90	0.066	none
LLA	gowalla_best_gowalla_seed2020	91	0.066	none
LLA	gowalla_best_gowalla_seed2020	92	0.066	none
LLA	gowalla_best_gowalla_seed2020	93	0.066	none
LLA	gowalla_best_gowalla_seed2020	94	0.066	none
LLA	gowalla_best_gowalla_seed2020	95	0.066	none
LLA	gowalla_best_gowalla_seed2020	96	0.066	none
LLA	gowalla_best_gowalla_seed2020	97	0.066	none
LLA	gowalla_best_gowalla_seed2020	98	0.066	none
LLA	gowalla_best_gowalla_seed2020	99	0.066	none
LLA	gowalla_best_gowalla_seed2020	100	0.066	none
LLA	gowalla_best_gowalla_seed2020	101	0.066	none
LLA	gowalla_best_gowalla_seed2020	102	0.066	none
LLA	gowalla_best_gowalla_seed2020	103	0.066	none
LLA	gowalla_best_gowalla_seed2020	104	0.066	none
LLA	gowalla_best_gowalla_seed2020	105	0.065	none
LLA	gowalla_best_gowalla_seed2020	106	0.066	none
LLA	gowalla_best_gowalla_seed2020	107	0.065	none
LLA	gowalla_best_gowalla_seed2020	108	0.065	none
LLA	gowalla_best_gowalla_seed2020	109	0.065	none
LLA	gowalla_best_gowalla_seed2020	110	0.065	none
LLA	gowalla_best_gowalla_seed2020	111	0.065	none
LLA	gowalla_best_gowalla_seed2020	112	0.065	none
LLA	gowalla_best_gowalla_seed2020	113	0.065	none
LLA	gowalla_best_gowalla_seed2020	114	0.065	none
LLA	gowalla_best_gowalla_seed2020	115	0.065	none
LLA	gowalla_best_gowalla_seed2020	116	0.065	none
LLA	gowalla_best_gowalla_seed2020	117	0.065	none
LLA	gowalla_best_gowalla_seed2020	118	0.065	none
LLA	gowalla_best_gowalla_seed2020	119	0.065	none
LLA	gowalla_best_gowalla_seed2020	120	0.065	none
LLA	gowalla_best_gowalla_seed2020	121	0.065	none
LLA	gowalla_best_gowalla_seed2020	122	0.065	none
LLA	gowalla_best_gowalla_seed2020	123	0.065	none
LLA	gowalla_best_gowalla_seed2020	124	0.065	none
LLA	gowalla_best_gowalla_seed2020	125	0.065	none
LLA	gowalla_best_gowalla_seed2020	126	0.065	none
LLA	gowalla_best_gowalla_seed2020	127	0.065	none
LLA	gowalla_best_gowalla_seed2020	128	0.065	none
LLA	gowalla_best_gowalla_seed2020	129	0.065	none
LLA	gowalla_best_gowalla_seed2020	130	0.065	none
LLA	gowalla_best_gowalla_seed2020	131	0.065	none
LLA	gowalla_best_gowalla_seed2020	132	0.065	none
LLA	gowalla_best_gowalla_seed2020	133	0.065	none
LLA	gowalla_best_gowalla_seed2020	134	0.065	none
LLA	gowalla_best_gowalla_seed2020	135	0.065	none
LLA	gowalla_best_gowalla_seed2020	136	0.065	none
LLA	gowalla_best_gowalla_seed2020	137	0.065	none
LLA	gowalla_best_gowalla_seed2020	138	0.065	none
LLA	gowalla_best_gowalla_seed2020	139	0.065	none
LLA	gowalla_best_gowalla_seed2020	140	0.065	none
LLA	gowalla_best_gowalla_seed2020	141	0.065	none
LLA	gowalla_best_gowalla_seed2020	142	0.065	none
LLA	gowalla_best_gowalla_seed2020	143	0.065	none
LLA	gowalla_best_gowalla_seed2020	144	0.065	none
LLA	gowalla_best_gowalla_seed2020	145	0.065	none
LLA	gowalla_best_gowalla_seed2020	146	0.064	none
LLA	gowalla_best_gowalla_seed2020	147	0.064	none
LLA	gowalla_best_gowalla_seed2020	148	0.064	none
LLA	gowalla_best_gowalla_seed2020	149	0.064	none
LLA	gowalla_best_gowalla_seed2020	150	0.064	none
LLA	gowalla_best_gowalla_seed2020	151	0.064	none
LLA	gowalla_best_gowalla_seed2020	152	0.064	none
LLA	gowalla_best_gowalla_seed2020	153	0.064	none
LLA	gowalla_best_gowalla_seed2020	154	0.064	none
LLA	gowalla_best_gowalla_seed2020	155	0.064	none
LLA	gowalla_best_gowalla_seed2020	156	0.064	none
LLA	gowalla_best_gowalla_seed2020	157	0.064	none
LLA	gowalla_best_gowalla_seed2020	158	0.064	none
LLA	gowalla_best_gowalla_seed2020	159	0.064	none
LLA	gowalla_best_gowalla_seed2020	160	0.064	none
LLA	gowalla_best_gowalla_seed2020	161	0.064	none
LLA	gowalla_best_gowalla_seed2020	162	0.064	none
LLA	gowalla_best_gowalla_seed2020	163	0.064	none
LLA	gowalla_best_gowalla_seed2020	164	0.064	none
LLA	gowalla_best_gowalla_seed2020	165	0.064	none
LLA	gowalla_best_gowalla_seed2020	166	0.064	none
LLA	gowalla_best_gowalla_seed2020	167	0.064	none
LLA	gowalla_best_gowalla_seed2020	168	0.064	none
LLA	gowalla_best_gowalla_seed2020	169	0.064	none
LLA	gowalla_best_gowalla_seed2020	170	0.064	none
LLA	gowalla_best_gowalla_seed2020	171	0.064	none
LLA	gowalla_best_gowalla_seed2020	172	0.064	none
LLA	gowalla_best_gowalla_seed2020	173	0.064	none
LLA	gowalla_best_gowalla_seed2020	174	0.064	none
LLA	gowalla_best_gowalla_seed2020	175	0.064	none
LLA	gowalla_best_gowalla_seed2020	176	0.064	none
LLA	gowalla_best_gowalla_seed2020	177	0.064	none
LLA	gowalla_best_gowalla_seed2020	178	0.064	none
LLA	gowalla_best_gowalla_seed2020	179	0.064	none
LLA	gowalla_best_gowalla_seed2020	180	0.064	none
LLA	gowalla_best_gowalla_seed2020	181	0.064	none
LLA	gowalla_best_gowalla_seed2020	182	0.064	none
LLA	gowalla_best_gowalla_seed2020	183	0.064	none
LLA	gowalla_best_gowalla_seed2020	184	0.064	none
LLA	gowalla_best_gowalla_seed2020	185	0.064	none
LLA	gowalla_best_gowalla_seed2020	186	0.064	none
LLA	gowalla_best_gowalla_seed2020	187	0.064	none
LLA	gowalla_best_gowalla_seed2020	188	0.064	none
LLA	gowalla_best_gowalla_seed2020	189	0.064	none
LLA	gowalla_best_gowalla_seed2020	190	0.064	none
LLA	gowalla_best_gowalla_seed2020	191	0.064	none
LLA	gowalla_best_gowalla_seed2020	192	0.064	none
LLA	gowalla_best_gowalla_seed2020	193	0.064	none
LLA	gowalla_best_gowalla_seed2020	194	0.064	none
LLA	gowalla_best_gowalla_seed2020	195	0.064	none
LLA	gowalla_best_gowalla_seed2020	196	0.064	none
LLA	gowalla_best_gowalla_seed2020	197	0.064	none
LLA	gowalla_best_gowalla_seed2020	198	0.064	none
LLA	gowalla_best_gowalla_seed2020	199	0.064	none
LLA	gowalla_best_gowalla_seed2020	200	0.064	none
LLA	gowalla_best_gowalla_seed2020	201	0.064	none
LLA	gowalla_best_gowalla_seed2020	202	0.064	none
LLA	gowalla_best_gowalla_seed2020	203	0.064	none
LLA	gowalla_best_gowalla_seed2020	204	0.064	none
LLA	gowalla_best_gowalla_seed2020	205	0.064	none
LLA	gowalla_best_gowalla_seed2020	206	0.064	none
LLA	gowalla_best_gowalla_seed2020	207	0.064	none
LLA	gowalla_best_gowalla_seed2020	208	0.064	none
LLA	gowalla_best_gowalla_seed2020	209	0.064	none
LLA	gowalla_best_gowalla_seed2020	210	0.064	none
LLA	gowalla_best_gowalla_seed2020	211	0.064	none
LLA	gowalla_best_gowalla_seed2020	212	0.064	none
LLA	gowalla_best_gowalla_seed2020	213	0.064	none
LLA	gowalla_best_gowalla_seed2020	214	0.064	none
LLA	gowalla_best_gowalla_seed2020	215	0.064	none
LLA	gowalla_best_gowalla_seed2020	216	0.064	none
LLA	gowalla_best_gowalla_seed2020	217	0.064	none
LLA	gowalla_best_gowalla_seed2020	218	0.064	none
LLA	gowalla_best_gowalla_seed2020	219	0.064	none
LLA	gowalla_best_gowalla_seed2020	220	0.064	none
LLA	gowalla_best_gowalla_seed2020	221	0.064	none
LLA	gowalla_best_gowalla_seed2020	222	0.064	none
LLA	gowalla_best_gowalla_seed2020	223	0.064	none
LLA	gowalla_best_gowalla_seed2020	224	0.064	none
LLA	gowalla_best_gowalla_seed2020	225	0.064	none
LLA	gowalla_best_gowalla_seed2020	226	0.064	none
LLA	gowalla_best_gowalla_seed2020	227	0.064	none
LLA	gowalla_best_gowalla_seed2020	228	0.064	none
LLA	gowalla_best_gowalla_seed2020	229	0.064	none
LLA	gowalla_best_gowalla_seed2020	230	0.064	none
LLA	gowalla_best_gowalla_seed2020	231	0.064	none
LLA	gowalla_best_gowalla_seed2020	232	0.064	none
LLA	gowalla_best_gowalla_seed2020	233	0.064	none
LLA	gowalla_best_gowalla_seed2020	234	0.064	none
LLA	gowalla_best_gowalla_seed2020	235	0.064	none
LLA	gowalla_best_gowalla_seed2020	236	0.064	none
LLA	gowalla_best_gowalla_seed2020	237	0.064	none
LLA	gowalla_best_gowalla_seed2020	238	0.063	none
LLA	gowalla_best_gowalla_seed2020	239	0.064	none
LLA	gowalla_best_gowalla_seed2020	240	0.063	none
LLA	gowalla_best_gowalla_seed2020	241	0.063	none
LLA	gowalla_best_gowalla_seed2020	242	0.064	none
LLA	gowalla_best_gowalla_seed2020	243	0.063	none
LLA	gowalla_best_gowalla_seed2020	244	0.063	none
LLA	gowalla_best_gowalla_seed2020	245	0.063	none
LLA	gowalla_best_gowalla_seed2020	246	0.063	none
LLA	gowalla_best_gowalla_seed2020	247	0.064	none
LLA	gowalla_best_gowalla_seed2020	248	0.063	none
LLA	gowalla_best_gowalla_seed2020	249	0.063	none
LLA	gowalla_best_gowalla_seed2020	250	0.064	none
LLA	gowalla_best_gowalla_seed2020	251	0.063	none
LLA	gowalla_best_gowalla_seed2020	252	0.063	none
LLA	gowalla_best_gowalla_seed2020	253	0.063	none
LLA	gowalla_best_gowalla_seed2020	254	0.063	none
LLA	gowalla_best_gowalla_seed2020	255	0.063	none
LLA	gowalla_best_gowalla_seed2020	256	0.064	none
LLA	gowalla_best_gowalla_seed2020	257	0.063	none
LLA	gowalla_best_gowalla_seed2020	258	0.064	none
LLA	gowalla_best_gowalla_seed2020	259	0.063	none
LLA	gowalla_best_gowalla_seed2020	260	0.063	none
LLA	gowalla_best_gowalla_seed2020	261	0.063	none
LLA	gowalla_best_gowalla_seed2020	262	0.063	none
LLA	gowalla_best_gowalla_seed2020	263	0.063	none
LLA	gowalla_best_gowalla_seed2020	264	0.063	none
LLA	gowalla_best_gowalla_seed2020	265	0.063	none
LLA	gowalla_best_gowalla_seed2020	266	0.063	none
LLA	gowalla_best_gowalla_seed2020	267	0.063	none
LLA	gowalla_best_gowalla_seed2020	268	0.063	none
LLA	gowalla_best_gowalla_seed2020	269	0.063	none
LLA	gowalla_best_gowalla_seed2020	270	0.063	none
LLA	gowalla_best_gowalla_seed2020	271	0.063	none
LLA	gowalla_best_gowalla_seed2020	272	0.063	none
LLA	gowalla_best_gowalla_seed2020	273	0.063	none
LLA	gowalla_best_gowalla_seed2020	274	0.063	none
LLA	gowalla_best_gowalla_seed2020	275	0.063	none
LLA	gowalla_best_gowalla_seed2020	276	0.063	none
LLA	gowalla_best_gowalla_seed2020	277	0.063	none
LLA	gowalla_best_gowalla_seed2020	278	0.063	none
LLA	gowalla_best_gowalla_seed2020	279	0.063	none
LLA	gowalla_best_gowalla_seed2020	280	0.063	none
LLA	gowalla_best_gowalla_seed2020	281	0.063	none
LLA	gowalla_best_gowalla_seed2020	282	0.063	none
LLA	gowalla_best_gowalla_seed2020	283	0.063	none
LLA	gowalla_best_gowalla_seed2020	284	0.063	none
LLA	gowalla_best_gowalla_seed2020	285	0.063	none
LLA	gowalla_best_gowalla_seed2020	286	0.063	none
LLA	gowalla_best_gowalla_seed2020	287	0.063	none
LLA	gowalla_best_gowalla_seed2020	288	0.063	none
LLA	gowalla_best_gowalla_seed2020	289	0.063	none
LLA	gowalla_best_gowalla_seed2020	290	0.063	none
LLA	gowalla_best_gowalla_seed2020	291	0.063	none
LLA	gowalla_best_gowalla_seed2020	292	0.063	none
LLA	gowalla_best_gowalla_seed2020	293	0.063	none
LLA	gowalla_best_gowalla_seed2020	294	0.063	none
LLA	gowalla_best_gowalla_seed2020	295	0.063	none
LLA	gowalla_best_gowalla_seed2020	296	0.063	none
LLA	gowalla_best_gowalla_seed2020	297	0.063	none
LLA	gowalla_best_gowalla_seed2020	298	0.063	none
LLA	gowalla_best_gowalla_seed2020	299	0.063	none
LLA	gowalla_best_gowalla_seed2020	300	0.063	none
LLA	gowalla_best_gowalla_seed2021	1	0.689	none
LLA	gowalla_best_gowalla_seed2021	2	0.431	none
LLA	gowalla_best_gowalla_seed2021	3	0.287	none
LLA	gowalla_best_gowalla_seed2021	4	0.22	none
LLA	gowalla_best_gowalla_seed2021	5	0.183	none
LLA	gowalla_best_gowalla_seed2021	6	0.159	none
LLA	gowalla_best_gowalla_seed2021	7	0.144	none
LLA	gowalla_best_gowalla_seed2021	8	0.132	none
LLA	gowalla_best_gowalla_seed2021	9	0.124	none
LLA	gowalla_best_gowalla_seed2021	10	0.117	none
LLA	gowalla_best_gowalla_seed2021	11	0.111	none
LLA	gowalla_best_gowalla_seed2021	12	0.107	none
LLA	gowalla_best_gowalla_seed2021	13	0.103	none
LLA	gowalla_best_gowalla_seed2021	14	0.1	none
LLA	gowalla_best_gowalla_seed2021	15	0.097	none
LLA	gowalla_best_gowalla_seed2021	16	0.095	none
LLA	gowalla_best_gowalla_seed2021	17	0.093	none
LLA	gowalla_best_gowalla_seed2021	18	0.091	none
LLA	gowalla_best_gowalla_seed2021	19	0.089	none
LLA	gowalla_best_gowalla_seed2021	20	0.087	none
LLA	gowalla_best_gowalla_seed2021	21	0.086	none
LLA	gowalla_best_gowalla_seed2021	22	0.085	none
LLA	gowalla_best_gowalla_seed2021	23	0.083	none
LLA	gowalla_best_gowalla_seed2021	24	0.083	none
LLA	gowalla_best_gowalla_seed2021	25	0.082	none
LLA	gowalla_best_gowalla_seed2021	26	0.081	none
LLA	gowalla_best_gowalla_seed2021	27	0.08	none
LLA	gowalla_best_gowalla_seed2021	28	0.079	none
LLA	gowalla_best_gowalla_seed2021	29	0.078	none
LLA	gowalla_best_gowalla_seed2021	30	0.077	none
LLA	gowalla_best_gowalla_seed2021	31	0.077	none
LLA	gowalla_best_gowalla_seed2021	32	0.076	none
LLA	gowalla_best_gowalla_seed2021	33	0.076	none
LLA	gowalla_best_gowalla_seed2021	34	0.076	none
LLA	gowalla_best_gowalla_seed2021	35	0.075	none
LLA	gowalla_best_gowalla_seed2021	36	0.075	none
LLA	gowalla_best_gowalla_seed2021	37	0.074	none
LLA	gowalla_best_gowalla_seed2021	38	0.074	none
LLA	gowalla_best_gowalla_seed2021	39	0.074	none
LLA	gowalla_best_gowalla_seed2021	40	0.073	none
LLA	gowalla_best_gowalla_seed2021	41	0.073	none
LLA	gowalla_best_gowalla_seed2021	42	0.072	none
LLA	gowalla_best_gowalla_seed2021	43	0.072	none
LLA	gowalla_best_gowalla_seed2021	44	0.072	none
LLA	gowalla_best_gowalla_seed2021	45	0.072	none
LLA	gowalla_best_gowalla_seed2021	46	0.071	none
LLA	gowalla_best_gowalla_seed2021	47	0.071	none
LLA	gowalla_best_gowalla_seed2021	48	0.071	none
LLA	gowalla_best_gowalla_seed2021	49	0.071	none
LLA	gowalla_best_gowalla_seed2021	50	0.071	none
LLA	gowalla_best_gowalla_seed2021	51	0.07	none
LLA	gowalla_best_gowalla_seed2021	52	0.07	none
LLA	gowalla_best_gowalla_seed2021	53	0.07	none
LLA	gowalla_best_gowalla_seed2021	54	0.07	none
LLA	gowalla_best_gowalla_seed2021	55	0.07	none
LLA	gowalla_best_gowalla_seed2021	56	0.069	none
LLA	gowalla_best_gowalla_seed2021	57	0.069	none
LLA	gowalla_best_gowalla_seed2021	58	0.069	none
LLA	gowalla_best_gowalla_seed2021	59	0.069	none
LLA	gowalla_best_gowalla_seed2021	60	0.069	none
LLA	gowalla_best_gowalla_seed2021	61	0.069	none
LLA	gowalla_best_gowalla_seed2021	62	0.068	none
LLA	gowalla_best_gowalla_seed2021	63	0.068	none
LLA	gowalla_best_gowalla_seed2021	64	0.068	none
LLA	gowalla_best_gowalla_seed2021	65	0.068	none
LLA	gowalla_best_gowalla_seed2021	66	0.068	none
LLA	gowalla_best_gowalla_seed2021	67	0.068	none
LLA	gowalla_best_gowalla_seed2021	68	0.068	none
LLA	gowalla_best_gowalla_seed2021	69	0.068	none
LLA	gowalla_best_gowalla_seed2021	70	0.068	none
LLA	gowalla_best_gowalla_seed2021	71	0.068	none
LLA	gowalla_best_gowalla_seed2021	72	0.068	none
LLA	gowalla_best_gowalla_seed2021	73	0.067	none
LLA	gowalla_best_gowalla_seed2021	74	0.067	none
LLA	gowalla_best_gowalla_seed2021	75	0.067	none
LLA	gowalla_best_gowalla_seed2021	76	0.067	none
LLA	gowalla_best_gowalla_seed2021	77	0.067	none
LLA	gowalla_best_gowalla_seed2021	78	0.067	none
LLA	gowalla_best_gowalla_seed2021	79	0.067	none
LLA	gowalla_best_gowalla_seed2021	80	0.067	none
LLA	gowalla_best_gowalla_seed2021	81	0.067	none
LLA	gowalla_best_gowalla_seed2021	82	0.067	none
LLA	gowalla_best_gowalla_seed2021	83	0.067	none
LLA	gowalla_best_gowalla_seed2021	84	0.067	none
LLA	gowalla_best_gowalla_seed2021	85	0.066	none
LLA	gowalla_best_gowalla_seed2021	86	0.067	none
LLA	gowalla_best_gowalla_seed2021	87	0.067	none
LLA	gowalla_best_gowalla_seed2021	88	0.066	none
LLA	gowalla_best_gowalla_seed2021	89	0.066	none
LLA	gowalla_best_gowalla_seed2021	90	0.066	none
LLA	gowalla_best_gowalla_seed2021	91	0.066	none
LLA	gowalla_best_gowalla_seed2021	92	0.066	none
LLA	gowalla_best_gowalla_seed2021	93	0.066	none
LLA	gowalla_best_gowalla_seed2021	94	0.066	none
LLA	gowalla_best_gowalla_seed2021	95	0.066	none
LLA	gowalla_best_gowalla_seed2021	96	0.066	none
LLA	gowalla_best_gowalla_seed2021	97	0.066	none
LLA	gowalla_best_gowalla_seed2021	98	0.066	none
LLA	gowalla_best_gowalla_seed2021	99	0.066	none
LLA	gowalla_best_gowalla_seed2021	100	0.066	none
LLA	gowalla_best_gowalla_seed2021	101	0.066	none
LLA	gowalla_best_gowalla_seed2021	102	0.066	none
LLA	gowalla_best_gowalla_seed2021	103	0.066	none
LLA	gowalla_best_gowalla_seed2021	104	0.066	none
LLA	gowalla_best_gowalla_seed2021	105	0.065	none
LLA	gowalla_best_gowalla_seed2021	106	0.066	none
LLA	gowalla_best_gowalla_seed2021	107	0.066	none
LLA	gowalla_best_gowalla_seed2021	108	0.065	none
LLA	gowalla_best_gowalla_seed2021	109	0.065	none
LLA	gowalla_best_gowalla_seed2021	110	0.065	none
LLA	gowalla_best_gowalla_seed2021	111	0.065	none
LLA	gowalla_best_gowalla_seed2021	112	0.065	none
LLA	gowalla_best_gowalla_seed2021	113	0.065	none
LLA	gowalla_best_gowalla_seed2021	114	0.065	none
LLA	gowalla_best_gowalla_seed2021	115	0.065	none
LLA	gowalla_best_gowalla_seed2021	116	0.065	none
LLA	gowalla_best_gowalla_seed2021	117	0.065	none
LLA	gowalla_best_gowalla_seed2021	118	0.065	none
LLA	gowalla_best_gowalla_seed2021	119	0.065	none
LLA	gowalla_best_gowalla_seed2021	120	0.065	none
LLA	gowalla_best_gowalla_seed2021	121	0.065	none
LLA	gowalla_best_gowalla_seed2021	122	0.065	none
LLA	gowalla_best_gowalla_seed2021	123	0.065	none
LLA	gowalla_best_gowalla_seed2021	124	0.065	none
LLA	gowalla_best_gowalla_seed2021	125	0.065	none
LLA	gowalla_best_gowalla_seed2021	126	0.065	none
LLA	gowalla_best_gowalla_seed2021	127	0.065	none
LLA	gowalla_best_gowalla_seed2021	128	0.065	none
LLA	gowalla_best_gowalla_seed2021	129	0.065	none
LLA	gowalla_best_gowalla_seed2021	130	0.065	none
LLA	gowalla_best_gowalla_seed2021	131	0.065	none
LLA	gowalla_best_gowalla_seed2021	132	0.065	none
LLA	gowalla_best_gowalla_seed2021	133	0.065	none
LLA	gowalla_best_gowalla_seed2021	134	0.065	none
LLA	gowalla_best_gowalla_seed2021	135	0.065	none
LLA	gowalla_best_gowalla_seed2021	136	0.065	none
LLA	gowalla_best_gowalla_seed2021	137	0.065	none
LLA	gowalla_best_gowalla_seed2021	138	0.065	none
LLA	gowalla_best_gowalla_seed2021	139	0.065	none
LLA	gowalla_best_gowalla_seed2021	140	0.065	none
LLA	gowalla_best_gowalla_seed2021	141	0.065	none
LLA	gowalla_best_gowalla_seed2021	142	0.065	none
LLA	gowalla_best_gowalla_seed2021	143	0.065	none
LLA	gowalla_best_gowalla_seed2021	144	0.065	none
LLA	gowalla_best_gowalla_seed2021	145	0.065	none
LLA	gowalla_best_gowalla_seed2021	146	0.064	none
LLA	gowalla_best_gowalla_seed2021	147	0.065	none
LLA	gowalla_best_gowalla_seed2021	148	0.065	none
LLA	gowalla_best_gowalla_seed2021	149	0.064	none
LLA	gowalla_best_gowalla_seed2021	150	0.064	none
LLA	gowalla_best_gowalla_seed2021	151	0.064	none
LLA	gowalla_best_gowalla_seed2021	152	0.064	none
LLA	gowalla_best_gowalla_seed2021	153	0.064	none
LLA	gowalla_best_gowalla_seed2021	154	0.064	none
LLA	gowalla_best_gowalla_seed2021	155	0.064	none
LLA	gowalla_best_gowalla_seed2021	156	0.064	none
LLA	gowalla_best_gowalla_seed2021	157	0.064	none
LLA	gowalla_best_gowalla_seed2021	158	0.064	none
LLA	gowalla_best_gowalla_seed2021	159	0.064	none
LLA	gowalla_best_gowalla_seed2021	160	0.064	none
LLA	gowalla_best_gowalla_seed2021	161	0.064	none
LLA	gowalla_best_gowalla_seed2021	162	0.064	none
LLA	gowalla_best_gowalla_seed2021	163	0.064	none
LLA	gowalla_best_gowalla_seed2021	164	0.064	none
LLA	gowalla_best_gowalla_seed2021	165	0.064	none
LLA	gowalla_best_gowalla_seed2021	166	0.064	none
LLA	gowalla_best_gowalla_seed2021	167	0.064	none
LLA	gowalla_best_gowalla_seed2021	168	0.064	none
LLA	gowalla_best_gowalla_seed2021	169	0.064	none
LLA	gowalla_best_gowalla_seed2021	170	0.064	none
LLA	gowalla_best_gowalla_seed2021	171	0.064	none
LLA	gowalla_best_gowalla_seed2021	172	0.064	none
LLA	gowalla_best_gowalla_seed2021	173	0.064	none
LLA	gowalla_best_gowalla_seed2021	174	0.064	none
LLA	gowalla_best_gowalla_seed2021	175	0.064	none
LLA	gowalla_best_gowalla_seed2021	176	0.064	none
LLA	gowalla_best_gowalla_seed2021	177	0.064	none
LLA	gowalla_best_gowalla_seed2021	178	0.064	none
LLA	gowalla_best_gowalla_seed2021	179	0.064	none
LLA	gowalla_best_gowalla_seed2021	180	0.064	none
LLA	gowalla_best_gowalla_seed2021	181	0.064	none
LLA	gowalla_best_gowalla_seed2021	182	0.064	none
LLA	gowalla_best_gowalla_seed2021	183	0.064	none
LLA	gowalla_best_gowalla_seed2021	184	0.064	none
LLA	gowalla_best_gowalla_seed2021	185	0.064	none
LLA	gowalla_best_gowalla_seed2021	186	0.064	none
LLA	gowalla_best_gowalla_seed2021	187	0.064	none
LLA	gowalla_best_gowalla_seed2021	188	0.064	none
LLA	gowalla_best_gowalla_seed2021	189	0.064	none
LLA	gowalla_best_gowalla_seed2021	190	0.064	none
LLA	gowalla_best_gowalla_seed2021	191	0.064	none
LLA	gowalla_best_gowalla_seed2021	192	0.064	none
LLA	gowalla_best_gowalla_seed2021	193	0.064	none
LLA	gowalla_best_gowalla_seed2021	194	0.064	none
LLA	gowalla_best_gowalla_seed2021	195	0.064	none
LLA	gowalla_best_gowalla_seed2021	196	0.064	none
LLA	gowalla_best_gowalla_seed2021	197	0.064	none
LLA	gowalla_best_gowalla_seed2021	198	0.064	none
LLA	gowalla_best_gowalla_seed2021	199	0.064	none
LLA	gowalla_best_gowalla_seed2021	200	0.064	none
LLA	gowalla_best_gowalla_seed2021	201	0.064	none
LLA	gowalla_best_gowalla_seed2021	202	0.064	none
LLA	gowalla_best_gowalla_seed2021	203	0.064	none
LLA	gowalla_best_gowalla_seed2021	204	0.064	none
LLA	gowalla_best_gowalla_seed2021	205	0.064	none
LLA	gowalla_best_gowalla_seed2021	206	0.064	none
LLA	gowalla_best_gowalla_seed2021	207	0.064	none
LLA	gowalla_best_gowalla_seed2021	208	0.064	none
LLA	gowalla_best_gowalla_seed2021	209	0.064	none
LLA	gowalla_best_gowalla_seed2021	210	0.064	none
LLA	gowalla_best_gowalla_seed2021	211	0.064	none
LLA	gowalla_best_gowalla_seed2021	212	0.064	none
LLA	gowalla_best_gowalla_seed2021	213	0.064	none
LLA	gowalla_best_gowalla_seed2021	214	0.064	none
LLA	gowalla_best_gowalla_seed2021	215	0.064	none
LLA	gowalla_best_gowalla_seed2021	216	0.064	none
LLA	gowalla_best_gowalla_seed2021	217	0.064	none
LLA	gowalla_best_gowalla_seed2021	218	0.064	none
LLA	gowalla_best_gowalla_seed2021	219	0.064	none
LLA	gowalla_best_gowalla_seed2021	220	0.064	none
LLA	gowalla_best_gowalla_seed2021	221	0.064	none
LLA	gowalla_best_gowalla_seed2021	222	0.064	none
LLA	gowalla_best_gowalla_seed2021	223	0.064	none
LLA	gowalla_best_gowalla_seed2021	224	0.064	none
LLA	gowalla_best_gowalla_seed2021	225	0.064	none
LLA	gowalla_best_gowalla_seed2021	226	0.064	none
LLA	gowalla_best_gowalla_seed2021	227	0.064	none
LLA	gowalla_best_gowalla_seed2021	228	0.064	none
LLA	gowalla_best_gowalla_seed2021	229	0.064	none
LLA	gowalla_best_gowalla_seed2021	230	0.064	none
LLA	gowalla_best_gowalla_seed2021	231	0.064	none
LLA	gowalla_best_gowalla_seed2021	232	0.064	none
LLA	gowalla_best_gowalla_seed2021	233	0.063	none
LLA	gowalla_best_gowalla_seed2021	234	0.063	none
LLA	gowalla_best_gowalla_seed2021	235	0.063	none
LLA	gowalla_best_gowalla_seed2021	236	0.064	none
LLA	gowalla_best_gowalla_seed2021	237	0.064	none
LLA	gowalla_best_gowalla_seed2021	238	0.064	none
LLA	gowalla_best_gowalla_seed2021	239	0.063	none
LLA	gowalla_best_gowalla_seed2021	240	0.063	none
LLA	gowalla_best_gowalla_seed2021	241	0.064	none
LLA	gowalla_best_gowalla_seed2021	242	0.064	none
LLA	gowalla_best_gowalla_seed2021	243	0.064	none
LLA	gowalla_best_gowalla_seed2021	244	0.063	none
LLA	gowalla_best_gowalla_seed2021	245	0.063	none
LLA	gowalla_best_gowalla_seed2021	246	0.064	none
LLA	gowalla_best_gowalla_seed2021	247	0.063	none
LLA	gowalla_best_gowalla_seed2021	248	0.063	none
LLA	gowalla_best_gowalla_seed2021	249	0.064	none
LLA	gowalla_best_gowalla_seed2021	250	0.063	none
LLA	gowalla_best_gowalla_seed2021	251	0.064	none
LLA	gowalla_best_gowalla_seed2021	252	0.063	none
LLA	gowalla_best_gowalla_seed2021	253	0.063	none
LLA	gowalla_best_gowalla_seed2021	254	0.064	none
LLA	gowalla_best_gowalla_seed2021	255	0.063	none
LLA	gowalla_best_gowalla_seed2021	256	0.064	none
LLA	gowalla_best_gowalla_seed2021	257	0.063	none
LLA	gowalla_best_gowalla_seed2021	258	0.063	none
LLA	gowalla_best_gowalla_seed2021	259	0.063	none
LLA	gowalla_best_gowalla_seed2021	260	0.063	none
LLA	gowalla_best_gowalla_seed2021	261	0.063	none
LLA	gowalla_best_gowalla_seed2021	262	0.063	none
LLA	gowalla_best_gowalla_seed2021	263	0.063	none
LLA	gowalla_best_gowalla_seed2021	264	0.063	none
LLA	gowalla_best_gowalla_seed2021	265	0.063	none
LLA	gowalla_best_gowalla_seed2021	266	0.063	none
LLA	gowalla_best_gowalla_seed2021	267	0.063	none
LLA	gowalla_best_gowalla_seed2021	268	0.063	none
LLA	gowalla_best_gowalla_seed2021	269	0.063	none
LLA	gowalla_best_gowalla_seed2021	270	0.063	none
LLA	gowalla_best_gowalla_seed2021	271	0.063	none
LLA	gowalla_best_gowalla_seed2021	272	0.063	none
LLA	gowalla_best_gowalla_seed2021	273	0.063	none
LLA	gowalla_best_gowalla_seed2021	274	0.063	none
LLA	gowalla_best_gowalla_seed2021	275	0.063	none
LLA	gowalla_best_gowalla_seed2021	276	0.063	none
LLA	gowalla_best_gowalla_seed2021	277	0.063	none
LLA	gowalla_best_gowalla_seed2021	278	0.063	none
LLA	gowalla_best_gowalla_seed2021	279	0.063	none
LLA	gowalla_best_gowalla_seed2021	280	0.063	none
LLA	gowalla_best_gowalla_seed2021	281	0.063	none
LLA	gowalla_best_gowalla_seed2021	282	0.063	none
LLA	gowalla_best_gowalla_seed2021	283	0.063	none
LLA	gowalla_best_gowalla_seed2021	284	0.063	none
LLA	gowalla_best_gowalla_seed2021	285	0.063	none
LLA	gowalla_best_gowalla_seed2021	286	0.063	none
LLA	gowalla_best_gowalla_seed2021	287	0.063	none
LLA	gowalla_best_gowalla_seed2021	288	0.063	none
LLA	gowalla_best_gowalla_seed2021	289	0.063	none
LLA	gowalla_best_gowalla_seed2021	290	0.063	none
LLA	gowalla_best_gowalla_seed2021	291	0.063	none
LLA	gowalla_best_gowalla_seed2021	292	0.063	none
LLA	gowalla_best_gowalla_seed2021	293	0.063	none
LLA	gowalla_best_gowalla_seed2021	294	0.063	none
LLA	gowalla_best_gowalla_seed2021	295	0.063	none
LLA	gowalla_best_gowalla_seed2021	296	0.063	none
LLA	gowalla_best_gowalla_seed2021	297	0.063	none
LLA	gowalla_best_gowalla_seed2021	298	0.063	none
LLA	gowalla_best_gowalla_seed2021	299	0.063	none
LLA	gowalla_best_gowalla_seed2021	300	0.063	none
LLA	gowalla_best_gowalla_seed2022	1	0.69	none
LLA	gowalla_best_gowalla_seed2022	2	0.434	none
LLA	gowalla_best_gowalla_seed2022	3	0.291	none
LLA	gowalla_best_gowalla_seed2022	4	0.223	none
LLA	gowalla_best_gowalla_seed2022	5	0.184	none
LLA	gowalla_best_gowalla_seed2022	6	0.161	none
LLA	gowalla_best_gowalla_seed2022	7	0.144	none
LLA	gowalla_best_gowalla_seed2022	8	0.132	none
LLA	gowalla_best_gowalla_seed2022	9	0.123	none
LLA	gowalla_best_gowalla_seed2022	10	0.116	none
LLA	gowalla_best_gowalla_seed2022	11	0.111	none
LLA	gowalla_best_gowalla_seed2022	12	0.107	none
LLA	gowalla_best_gowalla_seed2022	13	0.103	none
LLA	gowalla_best_gowalla_seed2022	14	0.099	none
LLA	gowalla_best_gowalla_seed2022	15	0.097	none
LLA	gowalla_best_gowalla_seed2022	16	0.094	none
LLA	gowalla_best_gowalla_seed2022	17	0.092	none
LLA	gowalla_best_gowalla_seed2022	18	0.09	none
LLA	gowalla_best_gowalla_seed2022	19	0.089	none
LLA	gowalla_best_gowalla_seed2022	20	0.087	none
LLA	gowalla_best_gowalla_seed2022	21	0.086	none
LLA	gowalla_best_gowalla_seed2022	22	0.084	none
LLA	gowalla_best_gowalla_seed2022	23	0.083	none
LLA	gowalla_best_gowalla_seed2022	24	0.082	none
LLA	gowalla_best_gowalla_seed2022	25	0.081	none
LLA	gowalla_best_gowalla_seed2022	26	0.08	none
LLA	gowalla_best_gowalla_seed2022	27	0.08	none
LLA	gowalla_best_gowalla_seed2022	28	0.079	none
LLA	gowalla_best_gowalla_seed2022	29	0.078	none
LLA	gowalla_best_gowalla_seed2022	30	0.077	none
LLA	gowalla_best_gowalla_seed2022	31	0.077	none
LLA	gowalla_best_gowalla_seed2022	32	0.076	none
LLA	gowalla_best_gowalla_seed2022	33	0.076	none
LLA	gowalla_best_gowalla_seed2022	34	0.075	none
LLA	gowalla_best_gowalla_seed2022	35	0.075	none
LLA	gowalla_best_gowalla_seed2022	36	0.074	none
LLA	gowalla_best_gowalla_seed2022	37	0.074	none
LLA	gowalla_best_gowalla_seed2022	38	0.073	none
LLA	gowalla_best_gowalla_seed2022	39	0.073	none
LLA	gowalla_best_gowalla_seed2022	40	0.073	none
LLA	gowalla_best_gowalla_seed2022	41	0.073	none
LLA	gowalla_best_gowalla_seed2022	42	0.072	none
LLA	gowalla_best_gowalla_seed2022	43	0.072	none
LLA	gowalla_best_gowalla_seed2022	44	0.071	none
LLA	gowalla_best_gowalla_seed2022	45	0.071	none
LLA	gowalla_best_gowalla_seed2022	46	0.071	none
LLA	gowalla_best_gowalla_seed2022	47	0.071	none
LLA	gowalla_best_gowalla_seed2022	48	0.071	none
LLA	gowalla_best_gowalla_seed2022	49	0.071	none
LLA	gowalla_best_gowalla_seed2022	50	0.07	none
LLA	gowalla_best_gowalla_seed2022	51	0.07	none
LLA	gowalla_best_gowalla_seed2022	52	0.07	none
LLA	gowalla_best_gowalla_seed2022	53	0.07	none
LLA	gowalla_best_gowalla_seed2022	54	0.07	none
LLA	gowalla_best_gowalla_seed2022	55	0.069	none
LLA	gowalla_best_gowalla_seed2022	56	0.069	none
LLA	gowalla_best_gowalla_seed2022	57	0.069	none
LLA	gowalla_best_gowalla_seed2022	58	0.069	none
LLA	gowalla_best_gowalla_seed2022	59	0.069	none
LLA	gowalla_best_gowalla_seed2022	60	0.069	none
LLA	gowalla_best_gowalla_seed2022	61	0.069	none
LLA	gowalla_best_gowalla_seed2022	62	0.068	none
LLA	gowalla_best_gowalla_seed2022	63	0.068	none
LLA	gowalla_best_gowalla_seed2022	64	0.068	none
LLA	gowalla_best_gowalla_seed2022	65	0.068	none
LLA	gowalla_best_gowalla_seed2022	66	0.068	none
LLA	gowalla_best_gowalla_seed2022	67	0.068	none
LLA	gowalla_best_gowalla_seed2022	68	0.068	none
LLA	gowalla_best_gowalla_seed2022	69	0.068	none
LLA	gowalla_best_gowalla_seed2022	70	0.068	none
LLA	gowalla_best_gowalla_seed2022	71	0.068	none
LLA	gowalla_best_gowalla_seed2022	72	0.067	none
LLA	gowalla_best_gowalla_seed2022	73	0.068	none
LLA	gowalla_best_gowalla_seed2022	74	0.067	none
LLA	gowalla_best_gowalla_seed2022	75	0.067	none
LLA	gowalla_best_gowalla_seed2022	76	0.067	none
LLA	gowalla_best_gowalla_seed2022	77	0.067	none
LLA	gowalla_best_gowalla_seed2022	78	0.067	none
LLA	gowalla_best_gowalla_seed2022	79	0.067	none
LLA	gowalla_best_gowalla_seed2022	80	0.067	none
LLA	gowalla_best_gowalla_seed2022	81	0.067	none
LLA	gowalla_best_gowalla_seed2022	82	0.067	none
LLA	gowalla_best_gowalla_seed2022	83	0.067	none
LLA	gowalla_best_gowalla_seed2022	84	0.067	none
LLA	gowalla_best_gowalla_seed2022	85	0.066	none
LLA	gowalla_best_gowalla_seed2022	86	0.066	none
LLA	gowalla_best_gowalla_seed2022	87	0.066	none
LLA	gowalla_best_gowalla_seed2022	88	0.067	none
LLA	gowalla_best_gowalla_seed2022	89	0.066	none
LLA	gowalla_best_gowalla_seed2022	90	0.066	none
LLA	gowalla_best_gowalla_seed2022	91	0.066	none
LLA	gowalla_best_gowalla_seed2022	92	0.066	none
LLA	gowalla_best_gowalla_seed2022	93	0.066	none
LLA	gowalla_best_gowalla_seed2022	94	0.066	none
LLA	gowalla_best_gowalla_seed2022	95	0.066	none
LLA	gowalla_best_gowalla_seed2022	96	0.066	none
LLA	gowalla_best_gowalla_seed2022	97	0.066	none
LLA	gowalla_best_gowalla_seed2022	98	0.066	none
LLA	gowalla_best_gowalla_seed2022	99	0.066	none
LLA	gowalla_best_gowalla_seed2022	100	0.066	none
LLA	gowalla_best_gowalla_seed2022	101	0.066	none
LLA	gowalla_best_gowalla_seed2022	102	0.066	none
LLA	gowalla_best_gowalla_seed2022	103	0.066	none
LLA	gowalla_best_gowalla_seed2022	104	0.065	none
LLA	gowalla_best_gowalla_seed2022	105	0.066	none
LLA	gowalla_best_gowalla_seed2022	106	0.066	none
LLA	gowalla_best_gowalla_seed2022	107	0.065	none
LLA	gowalla_best_gowalla_seed2022	108	0.065	none
LLA	gowalla_best_gowalla_seed2022	109	0.066	none
LLA	gowalla_best_gowalla_seed2022	110	0.065	none
LLA	gowalla_best_gowalla_seed2022	111	0.065	none
LLA	gowalla_best_gowalla_seed2022	112	0.065	none
LLA	gowalla_best_gowalla_seed2022	113	0.065	none
LLA	gowalla_best_gowalla_seed2022	114	0.065	none
LLA	gowalla_best_gowalla_seed2022	115	0.065	none
LLA	gowalla_best_gowalla_seed2022	116	0.065	none
LLA	gowalla_best_gowalla_seed2022	117	0.065	none
LLA	gowalla_best_gowalla_seed2022	118	0.065	none
LLA	gowalla_best_gowalla_seed2022	119	0.065	none
LLA	gowalla_best_gowalla_seed2022	120	0.065	none
LLA	gowalla_best_gowalla_seed2022	121	0.065	none
LLA	gowalla_best_gowalla_seed2022	122	0.065	none
LLA	gowalla_best_gowalla_seed2022	123	0.065	none
LLA	gowalla_best_gowalla_seed2022	124	0.065	none
LLA	gowalla_best_gowalla_seed2022	125	0.065	none
LLA	gowalla_best_gowalla_seed2022	126	0.065	none
LLA	gowalla_best_gowalla_seed2022	127	0.065	none
LLA	gowalla_best_gowalla_seed2022	128	0.065	none
LLA	gowalla_best_gowalla_seed2022	129	0.065	none
LLA	gowalla_best_gowalla_seed2022	130	0.065	none
LLA	gowalla_best_gowalla_seed2022	131	0.065	none
LLA	gowalla_best_gowalla_seed2022	132	0.065	none
LLA	gowalla_best_gowalla_seed2022	133	0.065	none
LLA	gowalla_best_gowalla_seed2022	134	0.065	none
LLA	gowalla_best_gowalla_seed2022	135	0.065	none
LLA	gowalla_best_gowalla_seed2022	136	0.065	none
LLA	gowalla_best_gowalla_seed2022	137	0.065	none
LLA	gowalla_best_gowalla_seed2022	138	0.065	none
LLA	gowalla_best_gowalla_seed2022	139	0.065	none
LLA	gowalla_best_gowalla_seed2022	140	0.065	none
LLA	gowalla_best_gowalla_seed2022	141	0.065	none
LLA	gowalla_best_gowalla_seed2022	142	0.064	none
LLA	gowalla_best_gowalla_seed2022	143	0.064	none
LLA	gowalla_best_gowalla_seed2022	144	0.064	none
LLA	gowalla_best_gowalla_seed2022	145	0.064	none
LLA	gowalla_best_gowalla_seed2022	146	0.065	none
LLA	gowalla_best_gowalla_seed2022	147	0.064	none
LLA	gowalla_best_gowalla_seed2022	148	0.065	none
LLA	gowalla_best_gowalla_seed2022	149	0.064	none
LLA	gowalla_best_gowalla_seed2022	150	0.064	none
LLA	gowalla_best_gowalla_seed2022	151	0.065	none
LLA	gowalla_best_gowalla_seed2022	152	0.064	none
LLA	gowalla_best_gowalla_seed2022	153	0.064	none
LLA	gowalla_best_gowalla_seed2022	154	0.064	none
LLA	gowalla_best_gowalla_seed2022	155	0.064	none
LLA	gowalla_best_gowalla_seed2022	156	0.064	none
LLA	gowalla_best_gowalla_seed2022	157	0.064	none
LLA	gowalla_best_gowalla_seed2022	158	0.064	none
LLA	gowalla_best_gowalla_seed2022	159	0.064	none
LLA	gowalla_best_gowalla_seed2022	160	0.064	none
LLA	gowalla_best_gowalla_seed2022	161	0.064	none
LLA	gowalla_best_gowalla_seed2022	162	0.064	none
LLA	gowalla_best_gowalla_seed2022	163	0.064	none
LLA	gowalla_best_gowalla_seed2022	164	0.064	none
LLA	gowalla_best_gowalla_seed2022	165	0.064	none
LLA	gowalla_best_gowalla_seed2022	166	0.064	none
LLA	gowalla_best_gowalla_seed2022	167	0.064	none
LLA	gowalla_best_gowalla_seed2022	168	0.064	none
LLA	gowalla_best_gowalla_seed2022	169	0.064	none
LLA	gowalla_best_gowalla_seed2022	170	0.064	none
LLA	gowalla_best_gowalla_seed2022	171	0.064	none
LLA	gowalla_best_gowalla_seed2022	172	0.064	none
LLA	gowalla_best_gowalla_seed2022	173	0.064	none
LLA	gowalla_best_gowalla_seed2022	174	0.064	none
LLA	gowalla_best_gowalla_seed2022	175	0.064	none
LLA	gowalla_best_gowalla_seed2022	176	0.064	none
LLA	gowalla_best_gowalla_seed2022	177	0.064	none
LLA	gowalla_best_gowalla_seed2022	178	0.064	none
LLA	gowalla_best_gowalla_seed2022	179	0.064	none
LLA	gowalla_best_gowalla_seed2022	180	0.064	none
LLA	gowalla_best_gowalla_seed2022	181	0.064	none
LLA	gowalla_best_gowalla_seed2022	182	0.064	none
LLA	gowalla_best_gowalla_seed2022	183	0.064	none
LLA	gowalla_best_gowalla_seed2022	184	0.064	none
LLA	gowalla_best_gowalla_seed2022	185	0.064	none
LLA	gowalla_best_gowalla_seed2022	186	0.064	none
LLA	gowalla_best_gowalla_seed2022	187	0.064	none
LLA	gowalla_best_gowalla_seed2022	188	0.064	none
LLA	gowalla_best_gowalla_seed2022	189	0.064	none
LLA	gowalla_best_gowalla_seed2022	190	0.064	none
LLA	gowalla_best_gowalla_seed2022	191	0.064	none
LLA	gowalla_best_gowalla_seed2022	192	0.064	none
LLA	gowalla_best_gowalla_seed2022	193	0.064	none
LLA	gowalla_best_gowalla_seed2022	194	0.064	none
LLA	gowalla_best_gowalla_seed2022	195	0.064	none
LLA	gowalla_best_gowalla_seed2022	196	0.064	none
LLA	gowalla_best_gowalla_seed2022	197	0.064	none
LLA	gowalla_best_gowalla_seed2022	198	0.064	none
LLA	gowalla_best_gowalla_seed2022	199	0.064	none
LLA	gowalla_best_gowalla_seed2022	200	0.064	none
LLA	gowalla_best_gowalla_seed2022	201	0.064	none
LLA	gowalla_best_gowalla_seed2022	202	0.064	none
LLA	gowalla_best_gowalla_seed2022	203	0.064	none
LLA	gowalla_best_gowalla_seed2022	204	0.064	none
LLA	gowalla_best_gowalla_seed2022	205	0.064	none
LLA	gowalla_best_gowalla_seed2022	206	0.064	none
LLA	gowalla_best_gowalla_seed2022	207	0.064	none
LLA	gowalla_best_gowalla_seed2022	208	0.064	none
LLA	gowalla_best_gowalla_seed2022	209	0.064	none
LLA	gowalla_best_gowalla_seed2022	210	0.064	none
LLA	gowalla_best_gowalla_seed2022	211	0.064	none
LLA	gowalla_best_gowalla_seed2022	212	0.064	none
LLA	gowalla_best_gowalla_seed2022	213	0.064	none
LLA	gowalla_best_gowalla_seed2022	214	0.064	none
LLA	gowalla_best_gowalla_seed2022	215	0.064	none
LLA	gowalla_best_gowalla_seed2022	216	0.064	none
LLA	gowalla_best_gowalla_seed2022	217	0.064	none
LLA	gowalla_best_gowalla_seed2022	218	0.064	none
LLA	gowalla_best_gowalla_seed2022	219	0.064	none
LLA	gowalla_best_gowalla_seed2022	220	0.064	none
LLA	gowalla_best_gowalla_seed2022	221	0.064	none
LLA	gowalla_best_gowalla_seed2022	222	0.064	none
LLA	gowalla_best_gowalla_seed2022	223	0.064	none
LLA	gowalla_best_gowalla_seed2022	224	0.064	none
LLA	gowalla_best_gowalla_seed2022	225	0.064	none
LLA	gowalla_best_gowalla_seed2022	226	0.064	none
LLA	gowalla_best_gowalla_seed2022	227	0.064	none
LLA	gowalla_best_gowalla_seed2022	228	0.064	none
LLA	gowalla_best_gowalla_seed2022	229	0.064	none
LLA	gowalla_best_gowalla_seed2022	230	0.064	none
LLA	gowalla_best_gowalla_seed2022	231	0.064	none
LLA	gowalla_best_gowalla_seed2022	232	0.064	none
LLA	gowalla_best_gowalla_seed2022	233	0.064	none
LLA	gowalla_best_gowalla_seed2022	234	0.064	none
LLA	gowalla_best_gowalla_seed2022	235	0.063	none
LLA	gowalla_best_gowalla_seed2022	236	0.063	none
LLA	gowalla_best_gowalla_seed2022	237	0.063	none
LLA	gowalla_best_gowalla_seed2022	238	0.064	none
LLA	gowalla_best_gowalla_seed2022	239	0.063	none
LLA	gowalla_best_gowalla_seed2022	240	0.063	none
LLA	gowalla_best_gowalla_seed2022	241	0.064	none
LLA	gowalla_best_gowalla_seed2022	242	0.063	none
LLA	gowalla_best_gowalla_seed2022	243	0.064	none
LLA	gowalla_best_gowalla_seed2022	244	0.064	none
LLA	gowalla_best_gowalla_seed2022	245	0.063	none
LLA	gowalla_best_gowalla_seed2022	246	0.064	none
LLA	gowalla_best_gowalla_seed2022	247	0.063	none
LLA	gowalla_best_gowalla_seed2022	248	0.064	none
LLA	gowalla_best_gowalla_seed2022	249	0.063	none
LLA	gowalla_best_gowalla_seed2022	250	0.063	none
LLA	gowalla_best_gowalla_seed2022	251	0.063	none
LLA	gowalla_best_gowalla_seed2022	252	0.063	none
LLA	gowalla_best_gowalla_seed2022	253	0.063	none
LLA	gowalla_best_gowalla_seed2022	254	0.064	none
LLA	gowalla_best_gowalla_seed2022	255	0.063	none
LLA	gowalla_best_gowalla_seed2022	256	0.063	none
LLA	gowalla_best_gowalla_seed2022	257	0.063	none
LLA	gowalla_best_gowalla_seed2022	258	0.063	none
LLA	gowalla_best_gowalla_seed2022	259	0.063	none
LLA	gowalla_best_gowalla_seed2022	260	0.063	none
LLA	gowalla_best_gowalla_seed2022	261	0.063	none
LLA	gowalla_best_gowalla_seed2022	262	0.063	none
LLA	gowalla_best_gowalla_seed2022	263	0.063	none
LLA	gowalla_best_gowalla_seed2022	264	0.063	none
LLA	gowalla_best_gowalla_seed2022	265	0.063	none
LLA	gowalla_best_gowalla_seed2022	266	0.063	none
LLA	gowalla_best_gowalla_seed2022	267	0.063	none
LLA	gowalla_best_gowalla_seed2022	268	0.063	none
LLA	gowalla_best_gowalla_seed2022	269	0.063	none
LLA	gowalla_best_gowalla_seed2022	270	0.063	none
LLA	gowalla_best_gowalla_seed2022	271	0.063	none
LLA	gowalla_best_gowalla_seed2022	272	0.063	none
LLA	gowalla_best_gowalla_seed2022	273	0.063	none
LLA	gowalla_best_gowalla_seed2022	274	0.063	none
LLA	gowalla_best_gowalla_seed2022	275	0.063	none
LLA	gowalla_best_gowalla_seed2022	276	0.063	none
LLA	gowalla_best_gowalla_seed2022	277	0.063	none
LLA	gowalla_best_gowalla_seed2022	278	0.063	none
LLA	gowalla_best_gowalla_seed2022	279	0.063	none
LLA	gowalla_best_gowalla_seed2022	280	0.063	none
LLA	gowalla_best_gowalla_seed2022	281	0.063	none
LLA	gowalla_best_gowalla_seed2022	282	0.063	none
LLA	gowalla_best_gowalla_seed2022	283	0.063	none
LLA	gowalla_best_gowalla_seed2022	284	0.063	none
LLA	gowalla_best_gowalla_seed2022	285	0.063	none
LLA	gowalla_best_gowalla_seed2022	286	0.063	none
LLA	gowalla_best_gowalla_seed2022	287	0.063	none
LLA	gowalla_best_gowalla_seed2022	288	0.063	none
LLA	gowalla_best_gowalla_seed2022	289	0.063	none
LLA	gowalla_best_gowalla_seed2022	290	0.063	none
LLA	gowalla_best_gowalla_seed2022	291	0.063	none
LLA	gowalla_best_gowalla_seed2022	292	0.063	none
LLA	gowalla_best_gowalla_seed2022	293	0.063	none
LLA	gowalla_best_gowalla_seed2022	294	0.063	none
LLA	gowalla_best_gowalla_seed2022	295	0.063	none
LLA	gowalla_best_gowalla_seed2022	296	0.063	none
LLA	gowalla_best_gowalla_seed2022	297	0.063	none
LLA	gowalla_best_gowalla_seed2022	298	0.063	none
LLA	gowalla_best_gowalla_seed2022	299	0.063	none
LLA	gowalla_best_gowalla_seed2022	300	0.063	none
HNM_combo	gowalla_combo1_gowalla_seed2020	1	0.729	curriculum
HNM_combo	gowalla_combo1_gowalla_seed2020	2	0.589	curriculum
HNM_combo	gowalla_combo1_gowalla_seed2020	3	0.471	curriculum
HNM_combo	gowalla_combo1_gowalla_seed2020	4	0.408	curriculum
HNM_combo	gowalla_combo1_gowalla_seed2020	5	0.371	curriculum
HNM_combo	gowalla_combo1_gowalla_seed2020	6	0.347	curriculum
HNM_combo	gowalla_combo1_gowalla_seed2020	7	0.329	curriculum
HNM_combo	gowalla_combo1_gowalla_seed2020	8	0.317	curriculum
HNM_combo	gowalla_combo1_gowalla_seed2020	9	0.307	curriculum
HNM_combo	gowalla_combo1_gowalla_seed2020	10	0.298	curriculum
HNM_combo	gowalla_combo1_gowalla_seed2020	11	0.292	curriculum
HNM_combo	gowalla_combo1_gowalla_seed2020	12	0.286	curriculum
HNM_combo	gowalla_combo1_gowalla_seed2020	13	0.281	curriculum
HNM_combo	gowalla_combo1_gowalla_seed2020	14	0.277	curriculum
HNM_combo	gowalla_combo1_gowalla_seed2020	15	0.273	curriculum
HNM_combo	gowalla_combo1_gowalla_seed2020	16	0.269	curriculum
HNM_combo	gowalla_combo1_gowalla_seed2020	17	0.266	curriculum
HNM_combo	gowalla_combo1_gowalla_seed2020	18	0.264	curriculum
HNM_combo	gowalla_combo1_gowalla_seed2020	19	0.261	curriculum
HNM_combo	gowalla_combo1_gowalla_seed2020	20	0.258	curriculum
HNM_combo	gowalla_combo1_gowalla_seed2020	21	0.256	curriculum
HNM_combo	gowalla_combo1_gowalla_seed2020	22	0.253	curriculum
HNM_combo	gowalla_combo1_gowalla_seed2020	23	0.251	curriculum
HNM_combo	gowalla_combo1_gowalla_seed2020	24	0.249	curriculum
HNM_combo	gowalla_combo1_gowalla_seed2020	25	0.247	curriculum
HNM_combo	gowalla_combo1_gowalla_seed2020	26	0.245	curriculum
HNM_combo	gowalla_combo1_gowalla_seed2020	27	0.243	curriculum
HNM_combo	gowalla_combo1_gowalla_seed2020	28	0.242	curriculum
HNM_combo	gowalla_combo1_gowalla_seed2020	29	0.24	curriculum
HNM_combo	gowalla_combo1_gowalla_seed2020	30	0.238	curriculum
HNM_combo	gowalla_combo1_gowalla_seed2020	31	0.237	curriculum
HNM_combo	gowalla_combo1_gowalla_seed2020	32	0.236	curriculum
HNM_combo	gowalla_combo1_gowalla_seed2020	33	0.235	curriculum
HNM_combo	gowalla_combo1_gowalla_seed2020	34	0.233	curriculum
HNM_combo	gowalla_combo1_gowalla_seed2020	35	0.232	curriculum
HNM_combo	gowalla_combo1_gowalla_seed2020	36	0.231	curriculum
HNM_combo	gowalla_combo1_gowalla_seed2020	37	0.229	curriculum
HNM_combo	gowalla_combo1_gowalla_seed2020	38	0.227	curriculum
HNM_combo	gowalla_combo1_gowalla_seed2020	39	0.226	curriculum
HNM_combo	gowalla_combo1_gowalla_seed2020	40	0.225	curriculum
HNM_combo	gowalla_combo1_gowalla_seed2020	41	0.224	curriculum
HNM_combo	gowalla_combo1_gowalla_seed2020	42	0.223	curriculum
HNM_combo	gowalla_combo1_gowalla_seed2020	43	0.222	curriculum
HNM_combo	gowalla_combo1_gowalla_seed2020	44	0.22	curriculum
HNM_combo	gowalla_combo1_gowalla_seed2020	45	0.219	curriculum
HNM_combo	gowalla_combo1_gowalla_seed2020	46	0.218	curriculum
HNM_combo	gowalla_combo1_gowalla_seed2020	47	0.217	curriculum
HNM_combo	gowalla_combo1_gowalla_seed2020	48	0.216	curriculum
HNM_combo	gowalla_combo1_gowalla_seed2020	49	0.215	curriculum
HNM_combo	gowalla_combo1_gowalla_seed2020	50	0.214	curriculum
HNM_combo	gowalla_combo1_gowalla_seed2020	51	0.211	curriculum
HNM_combo	gowalla_combo1_gowalla_seed2020	52	0.209	curriculum
HNM_combo	gowalla_combo1_gowalla_seed2020	53	0.206	curriculum
HNM_combo	gowalla_combo1_gowalla_seed2020	54	0.204	curriculum
HNM_combo	gowalla_combo1_gowalla_seed2020	55	0.201	curriculum
HNM_combo	gowalla_combo1_gowalla_seed2020	56	0.199	curriculum
HNM_combo	gowalla_combo1_gowalla_seed2020	57	0.197	curriculum
HNM_combo	gowalla_combo1_gowalla_seed2020	58	0.195	curriculum
HNM_combo	gowalla_combo1_gowalla_seed2020	59	0.194	curriculum
HNM_combo	gowalla_combo1_gowalla_seed2020	60	0.191	curriculum
HNM_combo	gowalla_combo1_gowalla_seed2020	61	0.189	curriculum
HNM_combo	gowalla_combo1_gowalla_seed2020	62	0.187	curriculum
HNM_combo	gowalla_combo1_gowalla_seed2020	63	0.185	curriculum
HNM_combo	gowalla_combo1_gowalla_seed2020	64	0.183	curriculum
HNM_combo	gowalla_combo1_gowalla_seed2020	65	0.182	curriculum
HNM_combo	gowalla_combo1_gowalla_seed2020	66	0.181	curriculum
HNM_combo	gowalla_combo1_gowalla_seed2020	67	0.179	curriculum
HNM_combo	gowalla_combo1_gowalla_seed2020	68	0.177	curriculum
HNM_combo	gowalla_combo1_gowalla_seed2020	69	0.176	curriculum
HNM_combo	gowalla_combo1_gowalla_seed2020	70	0.174	curriculum
HNM_combo	gowalla_combo1_gowalla_seed2020	71	0.173	curriculum
HNM_combo	gowalla_combo1_gowalla_seed2020	72	0.171	curriculum
HNM_combo	gowalla_combo1_gowalla_seed2020	73	0.17	curriculum
HNM_combo	gowalla_combo1_gowalla_seed2020	74	0.169	curriculum
HNM_combo	gowalla_combo1_gowalla_seed2020	75	0.167	curriculum
HNM_combo	gowalla_combo1_gowalla_seed2020	76	0.166	curriculum
HNM_combo	gowalla_combo1_gowalla_seed2020	77	0.165	curriculum
HNM_combo	gowalla_combo1_gowalla_seed2020	78	0.164	curriculum
HNM_combo	gowalla_combo1_gowalla_seed2020	79	0.162	curriculum
HNM_combo	gowalla_combo1_gowalla_seed2020	80	0.161	curriculum
HNM_combo	gowalla_combo1_gowalla_seed2020	81	0.16	curriculum
HNM_combo	gowalla_combo1_gowalla_seed2020	82	0.159	curriculum
HNM_combo	gowalla_combo1_gowalla_seed2020	83	0.158	curriculum
HNM_combo	gowalla_combo1_gowalla_seed2020	84	0.157	curriculum
HNM_combo	gowalla_combo1_gowalla_seed2020	85	0.156	curriculum
HNM_combo	gowalla_combo1_gowalla_seed2020	86	0.154	curriculum
HNM_combo	gowalla_combo1_gowalla_seed2020	87	0.153	curriculum
HNM_combo	gowalla_combo1_gowalla_seed2020	88	0.153	curriculum
HNM_combo	gowalla_combo1_gowalla_seed2020	89	0.152	curriculum
HNM_combo	gowalla_combo1_gowalla_seed2020	90	0.151	curriculum
HNM_combo	gowalla_combo1_gowalla_seed2020	91	0.15	curriculum
HNM_combo	gowalla_combo1_gowalla_seed2020	92	0.149	curriculum
HNM_combo	gowalla_combo1_gowalla_seed2020	93	0.148	curriculum
HNM_combo	gowalla_combo1_gowalla_seed2020	94	0.147	curriculum
HNM_combo	gowalla_combo1_gowalla_seed2020	95	0.147	curriculum
HNM_combo	gowalla_combo1_gowalla_seed2020	96	0.146	curriculum
HNM_combo	gowalla_combo1_gowalla_seed2020	97	0.145	curriculum
mean	baseline_seed2020	1	0.545	none
mean	baseline_seed2020	2	0.24	none
mean	baseline_seed2020	3	0.163	none
mean	baseline_seed2020	4	0.131	none
mean	baseline_seed2020	5	0.112	none
mean	baseline_seed2020	6	0.099	none
mean	baseline_seed2020	7	0.09	none
mean	baseline_seed2020	8	0.084	none
mean	baseline_seed2020	9	0.078	none
mean	baseline_seed2020	10	0.074	none
mean	baseline_seed2020	11	0.071	none
mean	baseline_seed2020	12	0.068	none
mean	baseline_seed2020	13	0.065	none
mean	baseline_seed2020	14	0.064	none
mean	baseline_seed2020	15	0.061	none
mean	baseline_seed2020	16	0.059	none
mean	baseline_seed2020	17	0.057	none
mean	baseline_seed2020	18	0.055	none
mean	baseline_seed2020	19	0.054	none
mean	baseline_seed2020	20	0.052	none
mean	baseline_seed2020	21	0.052	none
mean	baseline_seed2020	22	0.05	none
mean	baseline_seed2020	23	0.049	none
mean	baseline_seed2020	24	0.048	none
mean	baseline_seed2020	25	0.047	none
mean	baseline_seed2020	26	0.046	none
mean	baseline_seed2020	27	0.045	none
mean	baseline_seed2020	28	0.044	none
mean	baseline_seed2020	29	0.043	none
mean	baseline_seed2020	30	0.042	none
mean	baseline_seed2020	31	0.042	none
mean	baseline_seed2020	32	0.041	none
mean	baseline_seed2020	33	0.04	none
mean	baseline_seed2020	34	0.039	none
mean	baseline_seed2020	35	0.039	none
mean	baseline_seed2020	36	0.038	none
mean	baseline_seed2020	37	0.037	none
mean	baseline_seed2020	38	0.037	none
mean	baseline_seed2020	39	0.036	none
mean	baseline_seed2020	40	0.036	none
mean	baseline_seed2020	41	0.035	none
mean	baseline_seed2020	42	0.035	none
mean	baseline_seed2020	43	0.034	none
mean	baseline_seed2020	44	0.034	none
mean	baseline_seed2020	45	0.033	none
mean	baseline_seed2020	46	0.033	none
mean	baseline_seed2020	47	0.032	none
mean	baseline_seed2020	48	0.032	none
mean	baseline_seed2020	49	0.032	none
mean	baseline_seed2020	50	0.031	none
mean	baseline_seed2020	51	0.031	none
mean	baseline_seed2020	52	0.03	none
mean	baseline_seed2020	53	0.03	none
mean	baseline_seed2020	54	0.03	none
mean	baseline_seed2020	55	0.03	none
mean	baseline_seed2020	56	0.029	none
mean	baseline_seed2020	57	0.03	none
mean	baseline_seed2020	58	0.028	none
mean	baseline_seed2020	59	0.029	none
mean	baseline_seed2020	60	0.028	none
mean	baseline_seed2020	61	0.028	none
mean	baseline_seed2020	62	0.028	none
mean	baseline_seed2020	63	0.027	none
mean	baseline_seed2020	64	0.027	none
mean	baseline_seed2020	65	0.027	none
mean	baseline_seed2020	66	0.027	none
mean	baseline_seed2020	67	0.026	none
mean	baseline_seed2020	68	0.026	none
mean	baseline_seed2020	69	0.026	none
mean	baseline_seed2020	70	0.026	none
mean	baseline_seed2020	71	0.026	none
mean	baseline_seed2020	72	0.025	none
mean	baseline_seed2020	73	0.025	none
mean	baseline_seed2020	74	0.025	none
mean	baseline_seed2020	75	0.024	none
mean	baseline_seed2020	76	0.024	none
mean	baseline_seed2020	77	0.024	none
mean	baseline_seed2020	78	0.023	none
mean	baseline_seed2020	79	0.023	none
mean	baseline_seed2020	80	0.023	none
mean	baseline_seed2020	81	0.023	none
mean	baseline_seed2020	82	0.023	none
mean	baseline_seed2020	83	0.023	none
mean	baseline_seed2020	84	0.023	none
mean	baseline_seed2020	85	0.023	none
mean	baseline_seed2020	86	0.022	none
mean	baseline_seed2020	87	0.022	none
mean	baseline_seed2020	88	0.022	none
mean	baseline_seed2020	89	0.022	none
mean	baseline_seed2020	90	0.022	none
mean	baseline_seed2020	91	0.022	none
mean	baseline_seed2020	92	0.021	none
mean	baseline_seed2020	93	0.021	none
mean	baseline_seed2020	94	0.021	none
mean	baseline_seed2020	95	0.021	none
mean	baseline_seed2020	96	0.021	none
mean	baseline_seed2020	97	0.021	none
mean	baseline_seed2020	98	0.021	none
mean	baseline_seed2020	99	0.021	none
mean	baseline_seed2020	100	0.021	none
mean	baseline_seed2020	101	0.02	none
mean	baseline_seed2020	102	0.02	none
mean	baseline_seed2020	103	0.02	none
mean	baseline_seed2020	104	0.02	none
mean	baseline_seed2020	105	0.02	none
mean	baseline_seed2020	106	0.02	none
mean	baseline_seed2020	107	0.02	none
mean	baseline_seed2020	108	0.019	none
mean	baseline_seed2020	109	0.019	none
mean	baseline_seed2020	110	0.019	none
mean	baseline_seed2020	111	0.019	none
mean	baseline_seed2020	112	0.019	none
mean	baseline_seed2020	113	0.019	none
mean	baseline_seed2020	114	0.019	none
mean	baseline_seed2020	115	0.019	none
mean	baseline_seed2020	116	0.019	none
mean	baseline_seed2020	117	0.019	none
mean	baseline_seed2020	118	0.018	none
mean	baseline_seed2020	119	0.018	none
mean	baseline_seed2020	120	0.018	none
mean	baseline_seed2020	121	0.018	none
mean	baseline_seed2020	122	0.018	none
mean	baseline_seed2020	123	0.018	none
mean	baseline_seed2020	124	0.018	none
mean	baseline_seed2020	125	0.018	none
mean	baseline_seed2020	126	0.018	none
mean	baseline_seed2020	127	0.018	none
mean	baseline_seed2020	128	0.018	none
mean	baseline_seed2020	129	0.018	none
mean	baseline_seed2020	130	0.018	none
mean	baseline_seed2020	131	0.017	none
mean	baseline_seed2020	132	0.017	none
mean	baseline_seed2020	133	0.017	none
mean	baseline_seed2020	134	0.017	none
mean	baseline_seed2020	135	0.017	none
mean	baseline_seed2020	136	0.017	none
mean	baseline_seed2020	137	0.017	none
mean	baseline_seed2020	138	0.017	none
mean	baseline_seed2020	139	0.017	none
mean	baseline_seed2020	140	0.017	none
mean	baseline_seed2020	141	0.017	none
mean	baseline_seed2020	142	0.017	none
mean	baseline_seed2020	143	0.017	none
mean	baseline_seed2020	144	0.017	none
mean	baseline_seed2020	145	0.017	none
mean	baseline_seed2020	146	0.016	none
mean	baseline_seed2020	147	0.016	none
mean	baseline_seed2020	148	0.016	none
mean	baseline_seed2020	149	0.016	none
mean	baseline_seed2020	150	0.016	none
mean	baseline_seed2020	151	0.016	none
mean	baseline_seed2020	152	0.016	none
mean	baseline_seed2020	153	0.016	none
mean	baseline_seed2020	154	0.016	none
mean	baseline_seed2020	155	0.016	none
mean	baseline_seed2020	156	0.016	none
mean	baseline_seed2020	157	0.016	none
mean	baseline_seed2020	158	0.016	none
mean	baseline_seed2020	159	0.016	none
mean	baseline_seed2020	160	0.016	none
mean	baseline_seed2020	161	0.016	none
mean	baseline_seed2020	162	0.015	none
mean	baseline_seed2020	163	0.016	none
mean	baseline_seed2020	164	0.015	none
mean	baseline_seed2020	165	0.015	none
mean	baseline_seed2020	166	0.015	none
mean	baseline_seed2020	167	0.015	none
mean	baseline_seed2020	168	0.015	none
mean	baseline_seed2020	169	0.015	none
mean	baseline_seed2020	170	0.015	none
mean	baseline_seed2020	171	0.015	none
mean	baseline_seed2020	172	0.015	none
mean	baseline_seed2020	173	0.015	none
mean	baseline_seed2020	174	0.015	none
mean	baseline_seed2020	175	0.015	none
mean	baseline_seed2020	176	0.015	none
mean	baseline_seed2020	177	0.015	none
mean	baseline_seed2020	178	0.015	none
mean	baseline_seed2020	179	0.015	none
mean	baseline_seed2020	180	0.015	none
mean	baseline_seed2020	181	0.015	none
mean	baseline_seed2020	182	0.015	none
mean	baseline_seed2020	183	0.015	none
mean	baseline_seed2020	184	0.015	none
mean	baseline_seed2020	185	0.015	none
mean	baseline_seed2020	186	0.015	none
mean	baseline_seed2020	187	0.014	none
mean	baseline_seed2020	188	0.015	none
mean	baseline_seed2020	189	0.015	none
mean	baseline_seed2020	190	0.015	none
mean	baseline_seed2020	191	0.015	none
mean	baseline_seed2020	192	0.014	none
mean	baseline_seed2020	193	0.015	none
mean	baseline_seed2020	194	0.014	none
mean	baseline_seed2020	195	0.014	none
mean	baseline_seed2020	196	0.014	none
mean	baseline_seed2020	197	0.014	none
mean	baseline_seed2020	198	0.014	none
mean	baseline_seed2020	199	0.014	none
mean	baseline_seed2020	200	0.014	none
mean	baseline_seed2020	201	0.014	none
mean	baseline_seed2020	202	0.014	none
mean	baseline_seed2020	203	0.014	none
mean	baseline_seed2020	204	0.014	none
mean	baseline_seed2020	205	0.014	none
mean	baseline_seed2020	206	0.014	none
mean	baseline_seed2020	207	0.014	none
mean	baseline_seed2020	208	0.014	none
mean	baseline_seed2020	209	0.014	none
mean	baseline_seed2020	210	0.014	none
mean	baseline_seed2020	211	0.014	none
mean	baseline_seed2020	212	0.014	none
mean	baseline_seed2020	213	0.014	none
mean	baseline_seed2020	214	0.014	none
mean	baseline_seed2020	215	0.014	none
mean	baseline_seed2020	216	0.014	none
mean	baseline_seed2020	217	0.014	none
mean	baseline_seed2020	218	0.014	none
mean	baseline_seed2020	219	0.014	none
mean	baseline_seed2020	220	0.014	none
mean	baseline_seed2020	221	0.014	none
mean	baseline_seed2020	222	0.013	none
mean	baseline_seed2020	223	0.013	none
mean	baseline_seed2020	224	0.014	none
mean	baseline_seed2020	225	0.014	none
mean	baseline_seed2020	226	0.014	none
mean	baseline_seed2020	227	0.014	none
mean	baseline_seed2020	228	0.013	none
mean	baseline_seed2020	229	0.013	none
mean	baseline_seed2020	230	0.013	none
mean	baseline_seed2020	231	0.013	none
mean	baseline_seed2020	232	0.014	none
mean	baseline_seed2020	233	0.013	none
mean	baseline_seed2020	234	0.013	none
mean	baseline_seed2020	235	0.013	none
mean	baseline_seed2020	236	0.013	none
mean	baseline_seed2020	237	0.013	none
mean	baseline_seed2020	238	0.013	none
mean	baseline_seed2020	239	0.013	none
mean	baseline_seed2020	240	0.013	none
mean	baseline_seed2020	241	0.013	none
mean	baseline_seed2020	242	0.013	none
mean	baseline_seed2020	243	0.013	none
mean	baseline_seed2020	244	0.013	none
mean	baseline_seed2020	245	0.013	none
mean	baseline_seed2020	246	0.013	none
mean	baseline_seed2020	247	0.013	none
mean	baseline_seed2020	248	0.013	none
mean	baseline_seed2020	249	0.013	none
mean	baseline_seed2020	250	0.013	none
mean	baseline_seed2020	251	0.013	none
mean	baseline_seed2020	252	0.013	none
mean	baseline_seed2020	253	0.013	none
mean	baseline_seed2020	254	0.013	none
mean	baseline_seed2020	255	0.013	none
mean	baseline_seed2020	256	0.013	none
mean	baseline_seed2020	257	0.013	none
mean	baseline_seed2020	258	0.013	none
mean	baseline_seed2020	259	0.013	none
mean	baseline_seed2020	260	0.013	none
mean	baseline_seed2020	261	0.013	none
mean	baseline_seed2020	262	0.013	none
mean	baseline_seed2020	263	0.013	none
mean	baseline_seed2020	264	0.013	none
mean	baseline_seed2020	265	0.013	none
mean	baseline_seed2020	266	0.013	none
mean	baseline_seed2020	267	0.013	none
mean	baseline_seed2020	268	0.013	none
mean	baseline_seed2020	269	0.013	none
mean	baseline_seed2020	270	0.013	none
mean	baseline_seed2020	271	0.013	none
mean	baseline_seed2020	272	0.013	none
mean	baseline_seed2020	273	0.013	none
mean	baseline_seed2020	274	0.013	none
mean	baseline_seed2020	275	0.013	none
mean	baseline_seed2020	276	0.013	none
mean	baseline_seed2020	277	0.013	none
mean	baseline_seed2020	278	0.013	none
mean	baseline_seed2020	279	0.013	none
mean	baseline_seed2020	280	0.012	none
mean	baseline_seed2020	281	0.013	none
mean	baseline_seed2020	282	0.013	none
mean	baseline_seed2020	283	0.012	none
mean	baseline_seed2020	284	0.013	none
mean	baseline_seed2020	285	0.013	none
mean	baseline_seed2020	286	0.013	none
mean	baseline_seed2020	287	0.013	none
mean	baseline_seed2020	288	0.012	none
mean	baseline_seed2020	289	0.013	none
mean	baseline_seed2020	290	0.013	none
mean	baseline_seed2020	291	0.012	none
mean	baseline_seed2020	292	0.012	none
mean	baseline_seed2020	293	0.013	none
mean	baseline_seed2020	294	0.012	none
mean	baseline_seed2020	295	0.013	none
mean	baseline_seed2020	296	0.012	none
mean	baseline_seed2020	297	0.012	none
mean	baseline_seed2020	298	0.012	none
mean	baseline_seed2020	299	0.012	none
mean	baseline_seed2020	300	0.012	none
